testeremaila2a93e2e8d@gmail.com,testemail111202
testeremail084acd588a@gmail.com,testemailBC2ACA
testeremail4d875af226@gmail.com,testemailB1BBCB
testeremailb234d1a011@gmail.com,testemail2BBC21
testeremail97b5c2283c@gmail.com,testemail020C0B
testeremaila178fd8c70@gmail.com,testemail2CC02A
testeremail6e00493eb3@gmail.com,testemailBCBB12
testeremail1f23ea90f9@gmail.com,testemailC0CC0A
testeremaile4924f4efd@gmail.com,testemail200001
testeremailce06a1e0a2@gmail.com,testemailBC1AAA
testeremail98a081e858@gmail.com,testemailCB21CA
testeremail4b95220721@gmail.com,testemail12B1C0
testeremaild3b8ecdb1e@gmail.com,testemailAAB222
